id	name	address
S3-000197	Habror Robotics	3288 Golden Blvd Road, Tulsa
S3-000146	Cedar	9608 Cedar Ave Rd, Boise
S3-000250	Orbit	1641 Falcon Ln Ave, Reno
S3-000191	Harbor Traders	Nr. City Hall, Provo
S3-000113	Kappa	7062 Harbor Blvd Boulevard, Reno
S3-000010	North Farms	Nr. Central Park, Dayton
S3-000087	Cedar Hardware	Nr. Main Square, Boise
S3-000066	North Motors	Nr. City Hall, Boise
S3-000013	Zen Traders	6694 Harbor Ln Boulevard, San Jose
S3-000162	Kapap Farms	646 Golden Dr Street, Austin
S3-000072	MapleF oods	1399 Zen Dr St, Austin
S3-000052	Kappa Hardware	Nr. Bus Depot, San Jose
S3-000312	Union Apaprel	Nr. Central Park, Tulsa
S3-000089	Silver Lgoistics	Nr. Main Square, Austin
S3-000123	Falcon Textiles	Nr. Bus Depot, Boise
S3-000047	North Farms	849 Union Ln Road, Reno
S3-000201	North Traders	8955 Maple Ave Boulevard, Reno
S3-000303	Zen	Nr. Central Park, Fargo
S3-000116	Maple Textiles	7804 Golden St Drive, Boise
S3-000299	Silver Consulting	6398 Maple St Ln, San Jose
S3-000061	Blue Apparel	Nr. City Hall, Provo
S3-000246	Kappa Hardware	8703 Atlas Blvd Rd, Provo
S3-000214	Pioneer Electronics	1444 Vertex St Ave, Tulsa
S3-000353	Kpapa	Nr. City Hall, Tulsa
S3-000283	Orbit Media	Nr. Central Park, Reno
S3-000077	Delta Mootrs	1870 Zen Dr Dr, Provo
S3-000018	Delta Media	7127 River Ln St, Tulsa
S3-000150	Atlas Electronics	889 Cedar Blvd Road, Dayton
S3-000067	Kappa Apparel	1503 Falcon Dr Road, Dayton
S3-000105	Orbit Foods	6462 Zen Blvd Boulevard, Reno
S3-000035	Acme Media	4834 Orbit Ln Avenue, Tulsa
S3-000022	Delta	8301 Golden Ln Lane, Dayton
S3-000277	Ceda rHardware	9762 Zen Blvd Drive, Boise
S3-000260	Golden Electronics	1476 Union Blvd Dr, San Jose
S3-000038	Delta	994 Union Ln Rd, Austin
S3-000001	Zen Robotics	7287 North Rd Street, Fargo
S3-000349	Kappa Hardware	9660 Union Rd Dr, Austin
S3-000064	Vretex	9156 Harbor Ln Road, San Jose
S3-000286	Orbit Motors	1777 Pioneer Dr Rd, San Jose
S3-000294	North Apparel	7194 Bright Ave Ave, Austin
S3-000298	Falcon Media	9534 Blue Ave Street, Austin
S3-000323	North Hardware	Nr. City Hall, Boise
S3-000287	Blue	8538 Maple Rd Drive, Boise
S3-000053	Silver Electronics	8262 Harbor Rd Avenue, Reno
S3-000145	Silver Robotics	2148 Pioneer Dr Avenue, Tulsa
S3-000057	AcmeM otors	Nr. Bus Depot, Fargo
S3-000309	Unio nFoods	3679 Acme Rd Street, Tulsa
S3-000132	North Foods	9704 Atlas Ave Lane, Boise
S3-000187	Orbit Cafe	6130 Union Dr Lane, Provo
S3-000063	Pioneer Robotics	9795 Delta Ave Ln, Provo
S3-000131	Delta Farms	Nr. City Hall, Fargo
S3-000154	Acme	6164 Vertex Dr Rd, Boise
S3-000122	Kappa Consulting	1645 Harbor St Blvd, Tulsa
S3-000338	Zen Cafe	5235 Summit Ln St, Tulsa
S3-000242	Harbor Media	Nr. City Hall, Reno
S3-000185	Kappa Logistics	6384 Blue Rd St, Reno
S3-000136	Atlas	Nr. Main Square, Boise
S3-000254	Bright Hardware	Nr. Main Square, Reno
S3-000115	Blue Apparel	Nr. Central Park, Provo
S3-000127	Bright Apparel	Nr. Bus Depot, Fargo
S3-000292	Bright Apparel	Nr. Central Park, Provo
S3-000170	Vertex	743 Delta Rd Dr, Reno
S3-000325	Orbit	9999 Vertex Ave Boulevard, Tulsa
S3-000138	Harbor Electronics	Nr. Main Square, San Jose
S3-000088	Kappa	7350 Pioneer St St, Provo
S3-000257	Sliver Logistics	Nr. City Hall, Austin
S3-000037	Vertex Farms	Nr. Bus Depot, Provo
S3-000181	Maple Apparel	9086 Bright Ln Blvd, Tulsa
S3-000161	Maple	9384 Bright Rd Boulevard, Austin
S3-000126	Falcon Farms	8130 Kappa Rd Lane, Austin
S3-000092	Zen Electronics	5932 Silver Blvd Street, Provo
S3-000015	Blue	1900 Union Blvd Street, Tulsa
S3-000212	Blue Cafe	6485 Kappa Ln Lane, Fargo
S3-000003	Atlas	Nr. Main Square, Fargo
S3-000262	Orbti	Nr. Main Square, Provo
S3-000120	Cedar Farms	Nr. Main Square, Boise
S3-000343	Silver Electronics	Nr. Central Park, San Jose
S3-000151	Summit	3658 Orbit Ave Drive, Tulsa
S3-000207	Atlas	Nr. Bus Depot, Austin
S3-000184	Summit	8726 Falcon Blvd Boulevard, Dayton
S3-000285	Ceadr	1170 Pioneer Ln Ave, Fargo
S3-000190	Zen Textiles	2486 Kappa Blvd Rd, San Jose
S3-000025	Falcon Textiles	8857 Blue Dr Lane, Dayton
S3-000039	Atlas Apparel	Nr. Central Park, Provo
S3-000029	Maple Textiles	Nr. Central Park, Boise
S3-000084	Falcon Foods	Nr. Central Park, San Jose
S3-000031	Silver Electronisc	Nr. City Hall, San Jose
S3-000024	OrbitS ystems	Nr. Bus Depot, Reno
S3-000259	Kappa Hardware	3391 Delta Blvd Rd, Boise
S3-000168	Pioneer Systmes	508 Vertex Ln Avenue, Provo
S3-000251	Maple Electronics	Nr. Bus Depot, Austin
S3-000271	Summit Bkaery	5315 Orbit Blvd St, Fargo
S3-000327	Union eTxtiles	8670 River Blvd Street, Provo
S3-000253	Falcon Cafe	798 Delta Rd Drive, Tulsa
S3-000237	Zen Apparel	Nr. Main Square, Dayton
S3-000252	Atlas Robotics	8562 Vertex Blvd Lane, Dayton
S3-000124	Golden Traders	1530 North Rd St, Fargo
S3-000011	Pioneer Media	Nr. Main Square, Boise
S3-000070	Acme	4782 Zen Dr Street, Reno
S3-000228	Golden	Nr. Bus Depot, Dayton
S3-000334	Union Robotics	3372 River Ln Street, Boise
S3-000318	Maple	5734 Falcon Ln St, San Jose
S3-000336	Union	5940 Atlas Rd Street, Boise
S3-000357	Maple Electronics	6947 Silver Ln Avenue, San Jose
S3-000099	Falcon Logistics	1679 Bright Rd Road, Austin
S3-000326	Golden Bakery	5439 River St Rd, San Jose
S3-000155	Union	3471 Maple Rd Rd, Dayton
S3-000352	Zen oMtors	6256 Summit Dr Dr, Fargo
S3-000152	Delta Hardware	4052 Cedar St Blvd, San Jose
S3-000144	Union	1196 Delta Ave Drive, Provo
S3-000317	Summit Electronics	4314 Harbor Dr Rd, San Jose
S3-000192	Acme Motors	Nr. Central Park, Boise
S3-000227	Orbit Logistics	8952 Summit Dr St, Tulsa
S3-000021	Harobr	Nr. Bus Depot, Dayton
S3-000071	Blue Electronics	Nr. Bus Depot, Provo
S3-000172	Golden Media	Nr. Bus Depot, Provo
S3-000346	Blue Systems	6074 Blue Dr Street, Boise
S3-000219	Goledn	9276 Maple Rd Lane, Reno
S3-000125	Kappa Media	2685 Maple Rd Blvd, San Jose
S3-000348	Falcon Cafe	5540 Acme Blvd Blvd, Austin
S3-000202	North Logistics	2933 Delta Blvd Ln, Reno
S3-000173	Bright Consultign	Nr. Main Square, Reno
S3-000189	Pioneer	2595 Golden Blvd St, Boise
S3-000074	Pioneer Media	9107 Acme Blvd Avenue, Fargo
S3-000081	Falcon Hardware	Nr. Main Square, Dayton
S3-000016	Atlas Media	Nr. Main Square, Tulsa
S3-000265	Kappa	5083 Union Ave Blvd, Tulsa
S3-000137	North Farms	8593 Blue Ln Drive, Dayton
S3-000188	Vertxe Traders	2166 Atlas Rd Blvd, Boise
S3-000060	Pionere	3080 Harbor Ave Drive, Austin
S3-000205	Bright Apparel	Nr. Bus Depot, Reno
S3-000041	Blue oFods	5373 Golden Rd Drive, Austin
S3-000147	Orbit Traders	1261 Golden Ave Boulevard, Dayton
S3-000104	Harbor	5268 Pioneer Dr Blvd, Boise
S3-000045	Vertex Foods	9834 Maple Ave St, Fargo
S3-000100	Golden Traders	5599 Maple Ave Ave, Boise
S3-000033	Cedar Cafe	9079 Atlas Rd Lane, Dayton
S3-000218	Golden Electronics	1189 Acme Dr Boulevard, Tulsa
S3-000014	Zen Consulting	845 River Dr Lane, Boise
S3-000296	Bright Foods	8872 Vertex Blvd Ave, Tulsa
S3-000263	Blue Robotics	Nr. Bus Depot, Dayton
S3-000101	Atlas Hardware	2467 Acme Dr St, Boise
S3-000156	Delta Foods	Nr. City Hall, Dayton
S3-000273	Union Motors	Nr. Main Square, Provo
S3-000354	Summit Bakery	786 Summit Rd Drive, Austin
S3-000350	Bright lEectronics	Nr. Main Square, Reno
S3-000082	Orbit Hardware	1731 Orbit St Rd, Austin
S3-000301	North	1258 Zen Blvd Blvd, Fargo
S3-000358	North Cafe	120 Vertex Ln Boulevard, Boise
S3-000281	Union Hardware	9168 Falcon Blvd Boulevard, Austin
S3-000007	Blue Hardware	4060 River Ln Street, Reno
S3-000290	Acme Logistics	6225 Blue Dr Road, Tulsa
S3-000183	Harbor	1552 Harbor St Ave, Boise
S3-000157	Union Farms	Nr. Bus Depot, Austin
S3-000165	Harbor Electronics	Nr. City Hall, Fargo
S3-000062	Atlas Logistics	Nr. Central Park, Dayton
S3-000107	Delta Farms	2808 Zen Dr Drive, San Jose
S3-000359	Kappa	6730 Bright Dr St, Reno
S3-000068	Orbit	1376 Vertex Ave Dr, San Jose
S3-000069	River Farms	Nr. Bus Depot, Dayton
S3-000203	Vertex Motors	1261 North Rd Ave, Provo
S3-000314	Cedar Motors	2574 Falcon Ave Boulevard, Austin
S3-000178	Vertex Electronics	2333 River St St, San Jose
S3-000316	Bright Bakery	7519 River Ln Ave, Reno
S3-000268	Vertex Bakery	Nr. Main Square, Dayton
S3-000282	Bright Logistics	7712 Falcon Ave Dr, San Jose
S3-000279	Mpale Consulting	Nr. Central Park, Provo
S3-000193	Silver	Nr. Main Square, Austin
S3-000119	North	694 Vertex St Drive, Dayton
S3-000255	Dleta	Nr. Central Park, Boise
S3-000236	Maple Consulting	Nr. Bus Depot, Dayton
S3-000121	Vertex	7205 Union Rd Avenue, Dayton
S3-000051	ZenT extiles	Nr. Bus Depot, Austin
S3-000322	Golden	2087 Summit Ln Street, Fargo
S3-000238	North Apparel	9892 River St Lane, Tulsa
S3-000331	Vertex	4923 Blue Blvd Ln, Reno
S3-000305	Oribt	3982 Maple Dr Ave, Provo
S3-000058	Delta	Nr. Bus Depot, San Jose
S3-000055	Orbit Farms	5082 Vertex Ln Avenue, Austin
S3-000108	Orbit Textiles	Nr. City Hall, San Jose
S3-000335	Zen Apparel	9434 Vertex Blvd Drive, Tulsa
S3-000171	Cedar	3612 Harbor Blvd Road, Dayton
S3-000009	Union Motors	Nr. Central Park, Austin
S3-000149	Silver Foods	7566 Harbor St St, Fargo
S3-000356	Falcon	4520 Vertex Blvd Lane, Fargo
S3-000114	Atals	8229 Vertex Ave St, San Jose
S3-000351	Bright	9932 Atlas Blvd Ave, Tulsa
S3-000284	Brigth	Nr. City Hall, Reno
S3-000140	Pioneer Cafe	7382 Harbor Rd Boulevard, Dayton
S3-000160	Silve rHardware	Nr. Main Square, Dayton
S3-000234	Summit	4650 Silver Ln Lane, Austin
S3-000198	Cedar Farms	6483 Harbor Ave Road, Provo
S3-000333	ZenF oods	9116 Union Blvd Road, Dayton
S3-000158	Uinon Bakery	Nr. Bus Depot, Provo
S3-000321	Harbor Farms	Nr. Central Park, Fargo
S3-000337	Silver Logistics	Nr. Main Square, Tulsa
S3-000199	Falcon	Nr. Central Park, Tulsa
S3-000027	Atlas Media	7047 Harbor Ave Dr, Boise
S3-000023	Kappa Cafe	2400 River Ave Avenue, Austin
S3-000026	Summit Apparel	9670 Zen Ln Avenue, Fargo
S3-000159	Delta Cafe	7119 Bright Dr Blvd, Austin
S3-000288	Harbor Motors	4119 Falcon St Ln, Fargo
S3-000248	Falcon pAparel	4928 Kappa Dr St, Boise
S3-000272	Kappa Robotics	5975 Delta Rd Avenue, Fargo
S3-000211	Atlas Consulting	Nr. Main Square, Reno
S3-000175	Kappa	1849 Delta Ln Dr, Boise
S3-000177	Bright Farms	85 Atlas Ave Dr, Reno
S3-000347	Godlen	9013 Delta Dr St, Dayton
S3-000311	Falcon Farms	3728 Zen Dr St, Fargo
S3-000098	Vertex Traders	7580 Falcon St Drive, Fargo
S3-000261	Maple	6326 Kappa Dr Street, Dayton
S3-000226	Delta	Nr. Bus Depot, Austin
S3-000307	Harbor Robotics	6718 Kappa St Drive, Reno
S3-000295	Blue Logistics	Nr. City Hall, Austin
S3-000142	Delta	Nr. Bus Depot, San Jose
S3-000297	Maple Textiles	5340 Union Rd Drive, Boise
S3-000096	Orbit Electronics	Nr. City Hall, Fargo
S3-000225	North Electronics	Nr. Bus Depot, Reno
S3-000118	Cedar	3675 Bright Rd Blvd, Provo
S3-000046	River	5568 North St Ave, Fargo
S3-000030	Harbor	6044 Summit Blvd Blvd, Fargo
S3-000258	Delta	816 Zen Rd Dr, Reno
S3-000196	Bright Bakery	1817 Golden Ln Ln, Dayton
S3-000134	Zen	1771 Acme St Dr, Fargo
S3-000302	Malpe Cafe	Nr. City Hall, Provo
S3-000315	Silver Cafe	Nr. Main Square, Dayton
S3-000213	Maple Consulting	4558 Summit Blvd Dr, Provo
S3-000229	Falcon	Nr. Central Park, Fargo
S3-000313	Pioneer Bakery	Nr. Central Park, Dayton
S3-000264	Kappa Robotics	4012 Maple Blvd Street, San Jose
S3-000106	Vertex Logistics	Nr. Main Square, San Jose
S3-000117	Vetrex	Nr. Bus Depot, Dayton
S3-000167	Delta	1045 Atlas St Street, Tulsa
S3-000128	Kappa Consulting	Nr. Bus Depot, Fargo
S3-000180	Delta Systems	9407 Falcon Blvd Ln, Austin
S3-000324	Pioneer Harwdare	Nr. Bus Depot, Tulsa
S3-000223	Blue Electronics	4346 Cedar Ave Ln, San Jose
S3-000210	River	481 Blue Dr Rd, Austin
S3-000129	Atlas Logistics	3682 Bright Dr St, Austin
S3-000079	Maple Robotics	6699 Summit Ave Lane, Fargo
S3-000230	Maple Motors	1648 Cedar Rd Avenue, Fargo
S3-000276	Falcon Robotics	6772 Blue Ln Drive, Austin
S3-000005	Acme Textiles	226 River Ave Street, Austin
S3-000094	River	3595 Orbit Dr Road, San Jose
S3-000270	Union Media	Nr. City Hall, Tulsa
S3-000300	Delta Logsitics	3840 Atlas Ave Street, Provo
S3-000004	Atlas Motors	2250 Bright Blvd Lane, Fargo
S3-000245	Falcon pAparel	Nr. City Hall, Fargo
S3-000148	Atlas	917 Falcon St Rd, Tulsa
S3-000174	Kappa Cafe	9578 Vertex Blvd Drive, Fargo
S3-000342	Golden Hardwrae	3179 North Ln Blvd, Provo
S3-000049	Falcon Sytsems	6103 Harbor Ln St, Dayton
S3-000289	Kappa Hardware	Nr. Central Park, Austin
S3-000054	Cedar	Nr. Central Park, Reno
S3-000090	Sumimt Robotics	Nr. City Hall, Fargo
S3-000111	Summit Traders	Nr. Main Square, Reno
S3-000194	Acme Foods	7266 Kappa St Road, Boise
S3-000086	Falcon Motors	3511 Atlas Ave Ln, Provo
S3-000216	Orbit Cafe	832 Silver Ave Lane, Boise
S3-000097	Maple Hardware	Nr. City Hall, Tulsa
S3-000112	Union Apparel	4151 Delta Ln Avenue, Provo
S3-000019	Pioneer	2574 Delta St Road, Dayton
S3-000050	Vertex oFods	9871 Summit Blvd Rd, Dayton
S3-000266	Maple Motors	Nr. Bus Depot, San Jose
S3-000065	Harbor Textiles	5512 Acme Dr Rd, Dayton
S3-000231	Harbor Apparel	5091 Blue St Blvd, Fargo
S3-000002	Brgiht	Nr. Bus Depot, Dayton
S3-000267	Zen	Nr. Central Park, Dayton
S3-000135	Blue	5004 Bright Ave Road, Boise
S3-000209	Harbor Systems	8752 Acme Dr Boulevard, Reno
S3-000339	Atlas oLgistics	275 Silver Ln Rd, San Jose
S3-000278	Blue Electronics	1833 North Rd Ave, San Jose
S3-000256	Atlas	7179 Maple St St, Fargo
S3-000076	Summit Hardware	8336 Falcon St Ave, Tulsa
S3-000235	Summti Apparel	9907 Kappa Rd St, Boise
S3-000078	Orbit Robotics	7211 North Ln Ave, Reno
S3-000008	Faclon Robotics	6285 Falcon Dr Road, Fargo
S3-000345	Kappa	1114 Kappa St Avenue, Boise
S3-000166	Kpapa Electronics	8338 River Dr Drive, Fargo
S3-000332	Delta Motors	5762 Bright Blvd Blvd, Fargo
S3-000040	Blue Motors	1216 Blue Ave Dr, Austin
S3-000293	Birght Hardware	Nr. Main Square, Boise
S3-000006	Zen Textiles	3614 Golden St Rd, San Jose
S3-000200	North Foods	Nr. Bus Depot, Boise
S3-000182	Vertex Textiles	8585 Zen Dr Rd, Dayton
S3-000224	Orbti Media	Nr. City Hall, San Jose
S3-000083	Atlas Logistics	9131 Silver Ave Dr, Dayton
S3-000275	Zen	4534 Delta St Road, Dayton
S3-000340	Orbit Apparel	Nr. Central Park, Boise
S3-000247	Brigth	4878 Delta Dr Rd, Boise
S3-000304	North Hardware	Nr. City Hall, Reno
S3-000179	Zen Cafe	9144 Vertex Blvd Blvd, Austin
S3-000102	Maple Consulting	Nr. City Hall, Reno
S3-000085	Maple Electronics	4707 Blue Rd Lane, Boise
S3-000306	Falcon	1270 Golden Ave Rd, Provo
S3-000344	Blue Bakery	2268 Kappa Ave Drive, Austin
S3-000220	Delta Robotics	4939 Cedar Ave Rd, Boise
S3-000048	Harbor Logistics	Nr. Central Park, Boise
S3-000319	Orbit Robotics	7512 North St Boulevard, Austin
S3-000095	Union Consulting	9009 River Blvd Lane, Provo
S3-000133	Silver	8186 Orbit Ave Rd, San Jose
S3-000320	Golden Logistics	8744 North Rd Road, Provo
S3-000269	Summit Electronics	Nr. Main Square, Provo
S3-000215	Kappa	1053 Vertex Dr Rd, Boise
S3-000232	Blue Traders	7158 Maple Ln Rd, Reno
S3-000153	Union Foods	Nr. City Hall, Fargo
S3-000042	Blue	9084 Kappa Ave Dr, Fargo
S3-000208	Silver Systems	1924 Golden Rd Boulevard, Fargo
S3-000141	Acme Logistics	Nr. Main Square, Fargo
S3-000036	Orbit	Nr. Main Square, San Jose
S3-000073	North	232 Atlas Ave Rd, Fargo
S3-000043	Summit Media	6746 Falcon Rd Ave, Tulsa
S3-000091	North	8349 Maple St St, Reno
S3-000130	Summit	9403 Bright Ave Ln, Austin
S3-000139	Blue Consulting	4332 Pioneer Dr Avenue, Tulsa
S3-000217	Blue Motors	8038 Harbor Ave Lane, Provo
S3-000012	Delta Cafe	Nr. Central Park, Austin
S3-000341	River Apparel	4380 Union St Road, Tulsa
S3-000028	North Consulting	7232 Atlas Ave Dr, San Jose
S3-000330	Silver	8332 North St Road, Dayton
S3-000243	Atlas eTxtiles	2939 Blue St Avenue, San Jose
S3-000221	North Cfae	Nr. Bus Depot, Provo
S3-000186	Vertex Cafe	Nr. Bus Depot, Austin
S3-000032	Summit Logistics	7887 Cedar Dr St, Provo
S3-000195	Summit Logistics	6397 River Dr Road, San Jose
S3-000308	Delta Farms	Nr. Bus Depot, Fargo
S3-000017	Silver Logistics	2786 Summit St Boulevard, Reno
S3-000291	Blue Bakery	4559 Vertex Rd Street, Dayton
S3-000164	Pioneer Logistics	Nr. City Hall, Austin
S3-000110	Blue Farms	Nr. City Hall, Austin
S3-000328	Silver Hardware	Nr. Bus Depot, Fargo
S3-000075	Maple	Nr. City Hall, Provo
S3-000241	Silver Systems	2546 Atlas Rd Drive, Boise
S3-000080	Pioneer	Nr. Central Park, San Jose
S3-000280	Zen	Nr. City Hall, Tulsa
S3-000020	Zen Farms	Nr. Central Park, Dayton
S3-000233	Atlas Foods	8857 Acme St Avenue, San Jose
S3-000143	Vertex Motors	9989 Bright Ave Ln, San Jose
S3-000059	Summit	8963 Zen Rd Blvd, Austin
S3-000244	Vertex Cafe	Nr. Central Park, Tulsa
S3-000109	Orbit	7844 Harbor Rd Avenue, Provo
S3-000249	Falcon Foosd	9838 Bright Blvd St, Fargo
S3-000310	Atlas Robotics	Nr. City Hall, Provo
S3-000176	Harbor	Nr. City Hall, Reno
S3-000163	Vertex	1833 Zen Ln Ave, San Jose
S3-000034	Bright Consulting	4983 Summit Ave Road, Reno
S3-000169	Vertex Hardware	9796 Delta Ln Ln, Tulsa
S3-000206	North	9116 Delta Blvd Blvd, Reno
S3-000103	Blue Logistics	4177 North Ave Ln, Tulsa
S3-000222	Bright Motors	8367 Silver Blvd Boulevard, Boise
S3-000204	Kappa Foods	Nr. Main Square, Reno
S3-000355	Acme	7813 Orbit Ave Rd, Dayton
S3-000093	Summit Eletcronics	4316 Silver Ave Boulevard, San Jose
S3-000044	Harbor Systems	8956 Summit St Dr, Fargo
S3-000056	Bright Motosr	8647 Blue Blvd Dr, Provo
S3-000239	Bright Farms	Nr. Main Square, Austin
S3-000274	North Hardware	Nr. Central Park, Reno
S3-000329	Maple Media	1205 Zen Rd Boulevard, Provo
S3-000240	Delta Robotics	2069 Maple St Street, Fargo
