id	matches
S1-000057	S2-000003,S2-000006,S2-000008,S2-000011,S2-000019,S2-000026,S2-000027,S2-000028,S2-000033,S2-000035,S2-000036,S2-000040,S2-000046,S2-000047,S2-000063,S2-000070,S2-000077,S2-000081,S2-000086,S2-000088,S2-000106,S3-000003,S3-000006,S3-000010,S3-000018,S3-000024,S3-000025,S3-000030,S3-000032,S3-000034,S3-000035,S3-000038,S3-000044,S3-000045,S3-000046,S3-000048,S3-000062,S3-000070,S3-000080,S3-000083,S3-000090,S3-000109
S1-000098	S2-000002,S2-000005,S2-000006,S2-000007,S2-000012,S2-000016,S2-000018,S2-000027,S2-000035,S2-000050,S2-000051,S2-000054,S2-000055,S2-000061,S2-000065,S2-000069,S2-000073,S2-000076,S2-000091,S2-000092,S2-000103,S2-000106,S2-000107,S2-000110,S3-000002,S3-000005,S3-000006,S3-000011,S3-000015,S3-000025,S3-000034,S3-000050,S3-000054,S3-000069,S3-000072,S3-000074,S3-000075,S3-000079,S3-000093,S3-000094,S3-000106,S3-000112,S3-000117
S1-000070	S2-000005,S2-000011,S2-000018,S2-000025,S2-000038,S2-000039,S2-000040,S2-000041,S2-000044,S2-000053,S2-000057,S2-000060,S2-000067,S2-000074,S2-000086,S2-000087,S2-000092,S2-000093,S2-000101,S2-000105,S3-000005,S3-000010,S3-000017,S3-000030,S3-000037,S3-000038,S3-000039,S3-000042,S3-000052,S3-000056,S3-000059,S3-000064,S3-000067,S3-000076,S3-000077,S3-000088,S3-000103,S3-000104,S3-000116
S1-000147	S2-000003,S2-000006,S2-000007,S2-000018,S2-000019,S2-000036,S2-000046,S2-000047,S2-000050,S2-000054,S2-000055,S2-000063,S2-000065,S2-000069,S2-000070,S2-000073,S2-000080,S2-000084,S2-000088,S2-000090,S2-000091,S2-000106,S2-000107,S2-000110,S3-000003,S3-000006,S3-000018,S3-000030,S3-000035,S3-000044,S3-000045,S3-000046,S3-000048,S3-000062,S3-000069,S3-000070,S3-000074,S3-000086,S3-000090,S3-000093,S3-000112,S3-000117
S1-000075	S2-000006,S2-000012,S2-000019,S2-000020,S2-000021,S2-000024,S2-000034,S2-000041,S2-000056,S2-000061,S2-000062,S2-000069,S2-000073,S2-000078,S2-000079,S2-000094,S2-000100,S2-000103,S2-000108,S3-000006,S3-000011,S3-000018,S3-000019,S3-000022,S3-000033,S3-000039,S3-000061,S3-000072,S3-000096,S3-000102,S3-000106,S3-000114,S3-000116
S1-000005	S2-000002,S2-000004,S2-000015,S2-000035,S2-000044,S2-000053,S2-000055,S2-000059,S2-000060,S2-000066,S2-000072,S2-000076,S2-000083,S2-000085,S2-000086,S2-000092,S2-000095,S3-000002,S3-000004,S3-000042,S3-000052,S3-000059,S3-000066,S3-000079,S3-000085,S3-000088,S3-000094
S1-000139	S2-000009,S2-000017,S2-000019,S2-000020,S2-000021,S2-000055,S2-000056,S2-000077,S2-000078,S2-000079,S2-000080,S2-000084,S2-000090,S2-000100,S2-000106,S2-000108,S3-000008,S3-000016,S3-000018,S3-000019,S3-000080,S3-000086,S3-000102,S3-000110,S3-000114,S3-000116
S1-000046	S2-000001,S2-000009,S2-000010,S2-000011,S2-000016,S2-000018,S2-000019,S2-000029,S2-000030,S2-000038,S2-000039,S2-000040,S2-000043,S2-000047,S2-000052,S2-000057,S2-000061,S2-000077,S2-000083,S2-000084,S2-000086,S2-000088,S2-000108,S3-000001,S3-000010,S3-000015,S3-000017,S3-000018,S3-000027,S3-000031,S3-000037,S3-000038,S3-000041,S3-000051,S3-000064,S3-000080,S3-000085,S3-000088,S3-000110,S3-000114,S3-000116,S3-000117
S1-000082	S2-000008,S2-000011,S2-000023,S2-000026,S2-000028,S2-000033,S2-000035,S2-000066,S2-000071,S2-000077,S2-000082,S2-000095,S2-000097,S2-000102,S2-000109,S3-000010,S3-000021,S3-000024,S3-000032,S3-000034,S3-000046,S3-000066,S3-000071,S3-000080,S3-000084,S3-000099,S3-000105,S3-000109
S1-000039	S2-000013,S2-000015,S2-000017,S2-000023,S2-000027,S2-000033,S2-000040,S2-000070,S2-000076,S2-000080,S2-000081,S2-000086,S2-000096,S2-000097,S2-000101,S2-000111,S2-000112,S3-000012,S3-000016,S3-000021,S3-000025,S3-000032,S3-000038,S3-000048,S3-000083,S3-000098,S3-000099,S3-000103
S1-000040	S2-000003,S2-000014,S2-000024,S2-000029,S2-000034,S2-000041,S2-000043,S2-000044,S2-000047,S2-000058,S2-000062,S2-000064,S2-000078,S2-000079,S2-000094,S2-000097,S2-000098,S2-000109,S3-000003,S3-000013,S3-000022,S3-000027,S3-000033,S3-000039,S3-000041,S3-000045,S3-000061,S3-000063,S3-000077,S3-000081,S3-000096,S3-000099
S1-000008	S2-000007,S2-000018,S2-000024,S2-000025,S2-000031,S2-000037,S2-000046,S2-000050,S2-000054,S2-000063,S2-000065,S2-000068,S2-000069,S2-000073,S2-000091,S2-000093,S2-000105,S2-000106,S2-000107,S2-000110,S3-000007,S3-000022,S3-000031,S3-000062,S3-000068,S3-000069,S3-000074,S3-000093,S3-000111,S3-000112,S3-000117
S1-000067	S2-000013,S2-000025,S2-000027,S2-000052,S2-000058,S2-000060,S2-000062,S2-000065,S2-000082,S2-000085,S2-000094,S2-000096,S2-000098,S2-000103,S2-000110,S2-000112,S3-000012,S3-000023,S3-000025,S3-000051,S3-000053,S3-000057,S3-000059,S3-000061,S3-000065,S3-000084,S3-000087,S3-000098,S3-000104,S3-000108
S1-000133	S2-000003,S2-000008,S2-000032,S2-000033,S2-000034,S2-000041,S2-000043,S2-000044,S2-000058,S2-000064,S2-000085,S2-000096,S2-000097,S2-000107,S2-000109,S3-000003,S3-000032,S3-000039,S3-000041,S3-000063,S3-000077,S3-000099
S1-000115	S2-000004,S2-000008,S2-000013,S2-000025,S2-000032,S2-000055,S2-000060,S2-000065,S2-000066,S2-000072,S2-000085,S2-000086,S2-000095,S2-000096,S2-000097,S2-000103,S2-000107,S3-000012,S3-000023,S3-000053,S3-000059,S3-000065,S3-000087,S3-000088,S3-000098,S3-000099,S3-000104,S3-000108
S1-000129	S2-000027,S2-000049,S2-000052,S2-000054,S2-000058,S2-000062,S2-000082,S2-000094,S2-000098,S2-000103,S2-000110,S2-000112,S3-000025,S3-000049,S3-000051,S3-000053,S3-000057,S3-000061,S3-000084
S1-000097	S2-000004,S2-000022,S2-000049,S2-000055,S2-000064,S2-000066,S2-000072,S2-000085,S2-000086,S2-000087,S2-000091,S2-000095,S2-000099,S3-000014,S3-000020,S3-000040,S3-000063,S3-000073,S3-000088,S3-000089,S3-000093,S3-000101,S3-000109
S1-000127	S2-000009,S2-000010,S2-000014,S2-000017,S2-000020,S2-000029,S2-000034,S2-000036,S2-000038,S2-000040,S2-000047,S2-000048,S2-000077,S2-000078,S2-000079,S2-000081,S2-000094,S2-000098,S2-000102,S3-000008,S3-000009,S3-000013,S3-000016,S3-000027,S3-000033,S3-000035,S3-000037,S3-000045,S3-000080,S3-000081,S3-000083,S3-000096,S3-000110
S1-000054	S2-000016,S2-000021,S2-000022,S2-000031,S2-000042,S2-000045,S2-000049,S2-000058,S2-000063,S2-000071,S2-000074,S2-000099,S2-000100,S2-000112,S3-000014,S3-000015,S3-000019,S3-000020,S3-000030,S3-000040,S3-000043,S3-000049,S3-000057,S3-000062,S3-000071,S3-000072,S3-000076,S3-000101,S3-000102
S1-000002	S2-000008,S2-000011,S2-000024,S2-000026,S2-000028,S2-000031,S2-000034,S2-000035,S2-000037,S2-000041,S2-000062,S2-000077,S2-000094,S2-000100,S3-000010,S3-000022,S3-000024,S3-000033,S3-000034,S3-000036,S3-000039,S3-000046,S3-000061,S3-000080,S3-000096,S3-000102,S3-000109
S1-000081	S2-000003,S2-000013,S2-000022,S2-000034,S2-000041,S2-000043,S2-000044,S2-000056,S2-000058,S2-000064,S2-000072,S2-000075,S2-000087,S2-000088,S2-000097,S2-000104,S2-000109,S3-000003,S3-000012,S3-000014,S3-000020,S3-000039,S3-000041,S3-000063,S3-000073,S3-000077,S3-000089,S3-000090,S3-000099,S3-000107,S3-000109
S1-000130	S2-000008,S2-000011,S2-000014,S2-000018,S2-000026,S2-000028,S2-000029,S2-000034,S2-000035,S2-000038,S2-000039,S2-000040,S2-000047,S2-000057,S2-000077,S2-000078,S2-000079,S2-000086,S2-000098,S3-000010,S3-000013,S3-000017,S3-000024,S3-000027,S3-000033,S3-000034,S3-000037,S3-000038,S3-000045,S3-000046,S3-000064,S3-000080,S3-000081,S3-000088,S3-000109,S3-000116
S1-000106	S2-000008,S2-000009,S2-000010,S2-000011,S2-000016,S2-000017,S2-000019,S2-000020,S2-000026,S2-000028,S2-000030,S2-000035,S2-000039,S2-000043,S2-000077,S2-000108,S3-000008,S3-000010,S3-000015,S3-000016,S3-000018,S3-000024,S3-000034,S3-000041,S3-000046,S3-000080,S3-000109,S3-000110,S3-000114,S3-000117
S1-000033	S2-000001,S2-000008,S2-000009,S2-000014,S2-000015,S2-000029,S2-000034,S2-000039,S2-000047,S2-000052,S2-000061,S2-000078,S2-000079,S2-000083,S2-000084,S2-000088,S2-000098,S2-000099,S2-000107,S3-000001,S3-000013,S3-000027,S3-000031,S3-000033,S3-000045,S3-000051,S3-000081,S3-000085,S3-000086,S3-000101,S3-000112
S1-000016	S2-000002,S2-000012,S2-000014,S2-000021,S2-000029,S2-000030,S2-000032,S2-000034,S2-000042,S2-000046,S2-000047,S2-000061,S2-000067,S2-000069,S2-000075,S2-000078,S2-000079,S2-000080,S2-000082,S2-000090,S2-000098,S3-000011,S3-000013,S3-000019,S3-000027,S3-000033,S3-000045,S3-000060,S3-000067,S3-000069,S3-000078,S3-000081,S3-000082,S3-000084,S3-000092,S3-000100
S1-000035	S2-000007,S2-000016,S2-000031,S2-000037,S2-000045,S2-000049,S2-000063,S2-000068,S2-000074,S2-000093,S2-000099,S2-000100,S2-000105,S3-000007,S3-000014,S3-000015,S3-000030,S3-000031,S3-000036,S3-000049,S3-000062,S3-000068,S3-000072,S3-000076,S3-000101,S3-000102,S3-000111,S3-000117
S1-000015	S2-000002,S2-000005,S2-000013,S2-000015,S2-000016,S2-000017,S2-000023,S2-000027,S2-000033,S2-000035,S2-000041,S2-000044,S2-000051,S2-000053,S2-000055,S2-000057,S2-000067,S2-000070,S2-000073,S2-000074,S2-000076,S2-000080,S2-000091,S2-000092,S2-000093,S2-000096,S2-000101,S2-000111,S2-000112,S3-000002,S3-000005,S3-000012,S3-000015,S3-000016,S3-000021,S3-000025,S3-000030,S3-000034,S3-000039,S3-000042,S3-000048,S3-000050,S3-000052,S3-000054,S3-000056,S3-000067,S3-000074,S3-000075,S3-000076,S3-000077,S3-000079,S3-000093,S3-000094,S3-000098,S3-000103
S1-000059	S2-000005,S2-000010,S2-000036,S2-000038,S2-000040,S2-000042,S2-000048,S2-000050,S2-000081,S2-000083,S2-000094,S2-000095,S2-000102,S2-000104,S3-000005,S3-000009,S3-000035,S3-000037,S3-000047,S3-000083,S3-000085,S3-000096,S3-000097,S3-000107
S1-000096	S2-000001,S2-000005,S2-000025,S2-000027,S2-000030,S2-000033,S2-000040,S2-000056,S2-000057,S2-000060,S2-000079,S2-000081,S2-000086,S2-000087,S2-000092,S2-000101,S2-000105,S2-000111,S3-000001,S3-000005,S3-000025,S3-000028,S3-000032,S3-000038,S3-000055,S3-000059,S3-000083,S3-000103,S3-000104
S1-000074	S2-000002,S2-000004,S2-000005,S2-000013,S2-000015,S2-000025,S2-000035,S2-000057,S2-000059,S2-000060,S2-000065,S2-000076,S2-000085,S2-000087,S2-000092,S2-000096,S2-000103,S2-000105,S3-000002,S3-000005,S3-000012,S3-000023,S3-000053,S3-000059,S3-000065,S3-000079,S3-000087,S3-000094,S3-000098,S3-000104,S3-000108
S1-000053	S2-000003,S2-000004,S2-000034,S2-000041,S2-000043,S2-000044,S2-000053,S2-000057,S2-000058,S2-000064,S2-000066,S2-000067,S2-000074,S2-000083,S2-000093,S2-000097,S2-000101,S2-000109,S3-000003,S3-000004,S3-000030,S3-000039,S3-000041,S3-000042,S3-000052,S3-000056,S3-000063,S3-000066,S3-000067,S3-000076,S3-000077,S3-000085,S3-000099,S3-000103
S1-000009	S2-000008,S2-000011,S2-000015,S2-000026,S2-000028,S2-000029,S2-000032,S2-000035,S2-000052,S2-000077,S2-000084,S2-000085,S2-000096,S2-000097,S2-000099,S2-000107,S3-000010,S3-000024,S3-000027,S3-000034,S3-000046,S3-000051,S3-000080,S3-000086,S3-000099,S3-000101,S3-000109,S3-000112
S1-000111	S2-000012,S2-000014,S2-000021,S2-000023,S2-000026,S2-000027,S2-000032,S2-000061,S2-000062,S2-000066,S2-000069,S2-000071,S2-000075,S2-000080,S2-000082,S2-000090,S2-000095,S2-000098,S2-000102,S2-000103,S2-000109,S3-000011,S3-000013,S3-000019,S3-000021,S3-000024,S3-000025,S3-000053,S3-000060,S3-000061,S3-000066,S3-000069,S3-000071,S3-000078,S3-000082,S3-000084,S3-000092,S3-000100,S3-000105
S1-000095	S2-000006,S2-000010,S2-000012,S2-000016,S2-000028,S2-000031,S2-000043,S2-000045,S2-000049,S2-000059,S2-000061,S2-000063,S2-000067,S2-000069,S2-000073,S2-000074,S2-000099,S2-000102,S2-000103,S3-000006,S3-000009,S3-000011,S3-000014,S3-000015,S3-000030,S3-000041,S3-000049,S3-000058,S3-000062,S3-000067,S3-000072,S3-000076,S3-000101,S3-000105,S3-000106
S1-000107	S2-000014,S2-000019,S2-000020,S2-000021,S2-000029,S2-000034,S2-000047,S2-000056,S2-000078,S2-000079,S2-000098,S2-000100,S2-000108,S3-000013,S3-000018,S3-000019,S3-000027,S3-000033,S3-000045,S3-000081,S3-000102,S3-000114,S3-000116
S1-000136	S2-000019,S2-000020,S2-000021,S2-000031,S2-000037,S2-000042,S2-000045,S2-000056,S2-000058,S2-000071,S2-000078,S2-000079,S2-000100,S2-000108,S2-000112,S3-000018,S3-000019,S3-000036,S3-000040,S3-000043,S3-000057,S3-000071,S3-000102,S3-000114,S3-000116
S1-000121	S2-000002,S2-000012,S2-000014,S2-000021,S2-000030,S2-000032,S2-000042,S2-000046,S2-000055,S2-000061,S2-000067,S2-000069,S2-000075,S2-000080,S2-000082,S2-000084,S2-000090,S2-000098,S2-000106,S3-000011,S3-000013,S3-000019,S3-000060,S3-000067,S3-000069,S3-000078,S3-000082,S3-000084,S3-000086,S3-000092,S3-000100
S1-000101	S2-000002,S2-000005,S2-000016,S2-000021,S2-000022,S2-000027,S2-000035,S2-000045,S2-000051,S2-000053,S2-000055,S2-000073,S2-000076,S2-000091,S2-000092,S2-000093,S3-000002,S3-000005,S3-000014,S3-000015,S3-000019,S3-000020,S3-000025,S3-000034,S3-000043,S3-000050,S3-000052,S3-000054,S3-000074,S3-000075,S3-000079,S3-000093,S3-000094,S3-000113
S1-000099	S2-000002,S2-000005,S2-000016,S2-000020,S2-000027,S2-000035,S2-000051,S2-000053,S2-000054,S2-000055,S2-000073,S2-000076,S2-000089,S2-000091,S2-000092,S2-000093,S3-000002,S3-000005,S3-000015,S3-000025,S3-000034,S3-000050,S3-000052,S3-000054,S3-000074,S3-000075,S3-000079,S3-000093,S3-000094,S3-000113,S3-000115
S1-000068	S2-000002,S2-000004,S2-000005,S2-000016,S2-000027,S2-000035,S2-000051,S2-000055,S2-000066,S2-000072,S2-000073,S2-000076,S2-000080,S2-000084,S2-000085,S2-000086,S2-000090,S2-000091,S2-000092,S2-000095,S2-000106,S3-000002,S3-000005,S3-000015,S3-000025,S3-000034,S3-000050,S3-000054,S3-000074,S3-000075,S3-000079,S3-000086,S3-000088,S3-000093,S3-000094
S1-000007	S2-000003,S2-000006,S2-000012,S2-000019,S2-000022,S2-000024,S2-000036,S2-000037,S2-000046,S2-000047,S2-000051,S2-000061,S2-000063,S2-000068,S2-000069,S2-000070,S2-000071,S2-000073,S2-000088,S2-000089,S2-000103,S2-000104,S2-000106,S3-000003,S3-000006,S3-000011,S3-000018,S3-000022,S3-000030,S3-000035,S3-000036,S3-000044,S3-000045,S3-000046,S3-000048,S3-000050,S3-000062,S3-000064,S3-000068,S3-000070,S3-000071,S3-000072,S3-000090,S3-000091,S3-000106,S3-000115
S1-000145	S2-000009,S2-000010,S2-000016,S2-000017,S2-000019,S2-000020,S2-000030,S2-000036,S2-000038,S2-000039,S2-000040,S2-000043,S2-000048,S2-000077,S2-000081,S2-000094,S2-000102,S2-000108,S3-000008,S3-000009,S3-000015,S3-000016,S3-000018,S3-000035,S3-000037,S3-000041,S3-000080,S3-000083,S3-000096,S3-000110,S3-000114,S3-000117
S1-000026	S2-000006,S2-000009,S2-000017,S2-000022,S2-000024,S2-000026,S2-000037,S2-000051,S2-000068,S2-000070,S2-000071,S2-000089,S2-000104,S2-000110,S3-000006,S3-000008,S3-000016,S3-000022,S3-000024,S3-000036,S3-000048,S3-000050,S3-000064,S3-000068,S3-000070,S3-000071,S3-000091,S3-000115
S1-000011	S2-000010,S2-000016,S2-000019,S2-000028,S2-000030,S2-000036,S2-000038,S2-000039,S2-000040,S2-000043,S2-000048,S2-000059,S2-000067,S2-000074,S2-000077,S2-000081,S2-000094,S2-000102,S2-000108,S3-000009,S3-000015,S3-000018,S3-000035,S3-000037,S3-000041,S3-000058,S3-000067,S3-000072,S3-000076,S3-000080,S3-000083,S3-000096,S3-000105,S3-000110,S3-000114,S3-000117
S1-000123	S2-000002,S2-000004,S2-000005,S2-000015,S2-000016,S2-000025,S2-000027,S2-000035,S2-000051,S2-000055,S2-000057,S2-000059,S2-000060,S2-000073,S2-000076,S2-000087,S2-000091,S2-000092,S2-000105,S3-000002,S3-000005,S3-000015,S3-000025,S3-000034,S3-000050,S3-000054,S3-000059,S3-000074,S3-000075,S3-000079,S3-000093,S3-000094,S3-000104
S1-000124	S2-000007,S2-000031,S2-000037,S2-000041,S2-000044,S2-000053,S2-000057,S2-000067,S2-000068,S2-000074,S2-000093,S2-000101,S2-000105,S3-000007,S3-000030,S3-000031,S3-000039,S3-000042,S3-000052,S3-000056,S3-000067,S3-000068,S3-000075,S3-000076,S3-000077,S3-000103,S3-000111,S3-000113,S3-000117
S1-000094	S2-000004,S2-000023,S2-000026,S2-000033,S2-000055,S2-000066,S2-000071,S2-000072,S2-000082,S2-000085,S2-000086,S2-000095,S2-000097,S2-000102,S2-000109,S3-000021,S3-000024,S3-000032,S3-000066,S3-000071,S3-000084,S3-000088,S3-000099,S3-000105
S1-000003	S2-000002,S2-000004,S2-000005,S2-000014,S2-000015,S2-000016,S2-000027,S2-000030,S2-000035,S2-000042,S2-000046,S2-000051,S2-000055,S2-000059,S2-000060,S2-000067,S2-000073,S2-000076,S2-000090,S2-000091,S2-000092,S3-000002,S3-000005,S3-000015,S3-000025,S3-000034,S3-000050,S3-000054,S3-000059,S3-000067,S3-000074,S3-000075,S3-000079,S3-000093,S3-000094
S1-000141	S2-000006,S2-000012,S2-000013,S2-000025,S2-000027,S2-000060,S2-000061,S2-000062,S2-000065,S2-000069,S2-000073,S2-000082,S2-000085,S2-000096,S2-000098,S2-000103,S3-000006,S3-000011,S3-000012,S3-000023,S3-000025,S3-000053,S3-000059,S3-000061,S3-000065,S3-000072,S3-000084,S3-000087,S3-000098,S3-000104,S3-000106,S3-000108
S1-000073	S2-000005,S2-000007,S2-000011,S2-000018,S2-000038,S2-000039,S2-000040,S2-000042,S2-000048,S2-000050,S2-000054,S2-000057,S2-000065,S2-000069,S2-000073,S2-000083,S2-000086,S2-000091,S2-000106,S2-000107,S2-000110,S3-000005,S3-000010,S3-000017,S3-000037,S3-000038,S3-000047,S3-000064,S3-000069,S3-000074,S3-000085,S3-000088,S3-000093,S3-000112,S3-000116,S3-000117
S1-000058	S2-000005,S2-000009,S2-000017,S2-000020,S2-000025,S2-000041,S2-000044,S2-000053,S2-000057,S2-000060,S2-000067,S2-000074,S2-000077,S2-000087,S2-000092,S2-000093,S2-000101,S2-000105,S3-000005,S3-000008,S3-000016,S3-000030,S3-000039,S3-000042,S3-000052,S3-000056,S3-000059,S3-000067,S3-000076,S3-000077,S3-000080,S3-000103,S3-000104,S3-000110
S1-000112	S2-000005,S2-000006,S2-000009,S2-000017,S2-000020,S2-000022,S2-000024,S2-000037,S2-000042,S2-000048,S2-000050,S2-000051,S2-000068,S2-000071,S2-000077,S2-000083,S2-000089,S2-000104,S3-000005,S3-000006,S3-000008,S3-000016,S3-000022,S3-000036,S3-000047,S3-000050,S3-000064,S3-000068,S3-000071,S3-000080,S3-000085,S3-000091,S3-000110,S3-000115
S1-000019	S2-000002,S2-000005,S2-000010,S2-000016,S2-000019,S2-000027,S2-000030,S2-000031,S2-000035,S2-000039,S2-000043,S2-000045,S2-000049,S2-000051,S2-000055,S2-000063,S2-000073,S2-000074,S2-000076,S2-000077,S2-000091,S2-000092,S2-000099,S2-000108,S3-000002,S3-000005,S3-000014,S3-000015,S3-000018,S3-000025,S3-000030,S3-000034,S3-000041,S3-000049,S3-000050,S3-000054,S3-000062,S3-000072,S3-000074,S3-000075,S3-000076,S3-000079,S3-000080,S3-000093,S3-000094,S3-000101,S3-000110,S3-000114,S3-000117
S1-000084	S2-000003,S2-000006,S2-000011,S2-000018,S2-000022,S2-000024,S2-000037,S2-000038,S2-000039,S2-000040,S2-000051,S2-000057,S2-000068,S2-000071,S2-000086,S2-000089,S2-000104,S2-000111,S3-000003,S3-000006,S3-000010,S3-000017,S3-000022,S3-000036,S3-000037,S3-000038,S3-000050,S3-000064,S3-000068,S3-000071,S3-000088,S3-000091,S3-000095,S3-000104,S3-000109,S3-000115,S3-000116
S1-000137	S2-000001,S2-000013,S2-000015,S2-000017,S2-000023,S2-000030,S2-000033,S2-000041,S2-000044,S2-000053,S2-000056,S2-000057,S2-000067,S2-000070,S2-000074,S2-000076,S2-000079,S2-000080,S2-000081,S2-000093,S2-000096,S2-000101,S2-000111,S2-000112,S3-000001,S3-000012,S3-000016,S3-000021,S3-000028,S3-000030,S3-000039,S3-000042,S3-000048,S3-000052,S3-000055,S3-000056,S3-000067,S3-000076,S3-000077,S3-000083,S3-000098,S3-000103
S1-000122	S2-000002,S2-000005,S2-000007,S2-000016,S2-000018,S2-000027,S2-000035,S2-000049,S2-000050,S2-000051,S2-000054,S2-000055,S2-000065,S2-000069,S2-000072,S2-000073,S2-000076,S2-000087,S2-000091,S2-000092,S2-000099,S2-000106,S2-000107,S2-000110,S3-000002,S3-000005,S3-000015,S3-000025,S3-000034,S3-000040,S3-000050,S3-000054,S3-000069,S3-000073,S3-000074,S3-000075,S3-000079,S3-000089,S3-000093,S3-000094,S3-000101,S3-000112,S3-000117
S1-000104	S2-000007,S2-000019,S2-000020,S2-000021,S2-000024,S2-000025,S2-000046,S2-000049,S2-000054,S2-000056,S2-000063,S2-000065,S2-000078,S2-000079,S2-000100,S2-000108,S3-000018,S3-000019,S3-000022,S3-000049,S3-000062,S3-000102,S3-000114,S3-000116
S1-000117	S2-000005,S2-000022,S2-000025,S2-000049,S2-000057,S2-000060,S2-000064,S2-000072,S2-000087,S2-000091,S2-000092,S2-000099,S2-000105,S3-000005,S3-000014,S3-000020,S3-000040,S3-000059,S3-000063,S3-000073,S3-000089,S3-000093,S3-000101,S3-000104,S3-000109
S1-000022	S2-000003,S2-000006,S2-000010,S2-000016,S2-000019,S2-000020,S2-000021,S2-000030,S2-000036,S2-000039,S2-000043,S2-000046,S2-000047,S2-000056,S2-000063,S2-000070,S2-000077,S2-000078,S2-000079,S2-000088,S2-000100,S2-000106,S2-000108,S3-000003,S3-000006,S3-000015,S3-000018,S3-000019,S3-000030,S3-000035,S3-000041,S3-000044,S3-000045,S3-000046,S3-000048,S3-000062,S3-000070,S3-000080,S3-000090,S3-000102,S3-000110,S3-000114,S3-000116,S3-000117
S1-000066	S2-000007,S2-000018,S2-000020,S2-000049,S2-000050,S2-000054,S2-000065,S2-000069,S2-000073,S2-000089,S2-000091,S2-000106,S2-000107,S2-000110,S3-000049,S3-000069,S3-000074,S3-000093,S3-000112,S3-000115,S3-000117
S1-000103	S2-000012,S2-000013,S2-000014,S2-000021,S2-000032,S2-000056,S2-000059,S2-000061,S2-000064,S2-000069,S2-000075,S2-000080,S2-000082,S2-000088,S2-000090,S2-000098,S2-000104,S3-000011,S3-000012,S3-000013,S3-000019,S3-000060,S3-000063,S3-000069,S3-000078,S3-000082,S3-000084,S3-000090,S3-000092,S3-000100,S3-000107
S1-000119	S2-000006,S2-000020,S2-000022,S2-000023,S2-000024,S2-000037,S2-000051,S2-000054,S2-000068,S2-000071,S2-000089,S2-000104,S2-000108,S2-000109,S3-000006,S3-000021,S3-000022,S3-000036,S3-000050,S3-000064,S3-000068,S3-000071,S3-000077,S3-000091,S3-000114,S3-000115
S1-000143	S2-000001,S2-000009,S2-000013,S2-000025,S2-000029,S2-000031,S2-000037,S2-000039,S2-000047,S2-000052,S2-000060,S2-000061,S2-000065,S2-000083,S2-000084,S2-000085,S2-000088,S2-000096,S2-000100,S2-000103,S3-000001,S3-000012,S3-000023,S3-000027,S3-000031,S3-000036,S3-000051,S3-000053,S3-000059,S3-000065,S3-000085,S3-000087,S3-000098,S3-000102,S3-000104,S3-000108
S1-000006	S2-000002,S2-000005,S2-000016,S2-000025,S2-000027,S2-000035,S2-000042,S2-000048,S2-000050,S2-000051,S2-000055,S2-000057,S2-000060,S2-000073,S2-000076,S2-000083,S2-000087,S2-000091,S2-000092,S2-000105,S3-000002,S3-000005,S3-000015,S3-000025,S3-000034,S3-000047,S3-000050,S3-000054,S3-000059,S3-000074,S3-000075,S3-000079,S3-000085,S3-000093,S3-000094,S3-000104
S1-000025	S2-000006,S2-000021,S2-000022,S2-000024,S2-000037,S2-000045,S2-000051,S2-000064,S2-000068,S2-000071,S2-000072,S2-000087,S2-000089,S2-000104,S3-000006,S3-000014,S3-000019,S3-000020,S3-000022,S3-000036,S3-000043,S3-000050,S3-000063,S3-000064,S3-000068,S3-000071,S3-000073,S3-000089,S3-000091,S3-000109,S3-000115
S1-000064	S2-000001,S2-000008,S2-000009,S2-000015,S2-000029,S2-000039,S2-000047,S2-000052,S2-000058,S2-000061,S2-000083,S2-000084,S2-000088,S2-000094,S2-000099,S2-000107,S2-000110,S2-000112,S3-000001,S3-000027,S3-000031,S3-000051,S3-000057,S3-000085,S3-000086,S3-000101,S3-000112
S1-000092	S2-000003,S2-000006,S2-000009,S2-000013,S2-000015,S2-000017,S2-000019,S2-000023,S2-000033,S2-000036,S2-000046,S2-000047,S2-000063,S2-000070,S2-000076,S2-000080,S2-000088,S2-000096,S2-000101,S2-000106,S2-000111,S2-000112,S3-000003,S3-000006,S3-000008,S3-000012,S3-000016,S3-000018,S3-000021,S3-000030,S3-000035,S3-000044,S3-000045,S3-000046,S3-000048,S3-000062,S3-000070,S3-000090,S3-000098,S3-000103
S1-000030	S2-000008,S2-000011,S2-000023,S2-000026,S2-000028,S2-000035,S2-000066,S2-000071,S2-000077,S2-000082,S2-000095,S2-000102,S2-000109,S2-000110,S3-000010,S3-000021,S3-000024,S3-000034,S3-000046,S3-000066,S3-000071,S3-000080,S3-000084,S3-000105,S3-000109
S1-000083	S2-000003,S2-000026,S2-000034,S2-000041,S2-000043,S2-000044,S2-000049,S2-000058,S2-000064,S2-000072,S2-000087,S2-000091,S2-000097,S2-000099,S2-000109,S2-000110,S3-000003,S3-000024,S3-000039,S3-000040,S3-000041,S3-000063,S3-000073,S3-000077,S3-000089,S3-000093,S3-000099,S3-000101
S1-000085	S2-000007,S2-000013,S2-000018,S2-000024,S2-000025,S2-000046,S2-000050,S2-000054,S2-000060,S2-000063,S2-000065,S2-000069,S2-000073,S2-000085,S2-000091,S2-000096,S2-000103,S2-000106,S2-000107,S2-000110,S3-000012,S3-000022,S3-000023,S3-000053,S3-000059,S3-000062,S3-000065,S3-000069,S3-000074,S3-000087,S3-000093,S3-000098,S3-000104,S3-000108,S3-000112,S3-000117
S1-000113	S2-000001,S2-000004,S2-000005,S2-000009,S2-000029,S2-000039,S2-000042,S2-000044,S2-000047,S2-000048,S2-000050,S2-000052,S2-000053,S2-000061,S2-000066,S2-000083,S2-000084,S2-000088,S3-000001,S3-000004,S3-000005,S3-000027,S3-000031,S3-000042,S3-000047,S3-000051,S3-000052,S3-000066,S3-000085
S1-000065	S2-000004,S2-000041,S2-000044,S2-000053,S2-000057,S2-000066,S2-000067,S2-000074,S2-000083,S2-000093,S2-000101,S3-000004,S3-000030,S3-000039,S3-000042,S3-000052,S3-000056,S3-000066,S3-000067,S3-000075,S3-000076,S3-000077,S3-000085,S3-000103,S3-000113
S1-000044	S2-000006,S2-000007,S2-000022,S2-000024,S2-000031,S2-000037,S2-000051,S2-000068,S2-000071,S2-000089,S2-000093,S2-000100,S2-000104,S2-000105,S3-000006,S3-000007,S3-000022,S3-000031,S3-000036,S3-000050,S3-000064,S3-000068,S3-000071,S3-000091,S3-000102,S3-000111,S3-000115,S3-000117
S1-000047	S2-000010,S2-000011,S2-000018,S2-000027,S2-000033,S2-000036,S2-000038,S2-000039,S2-000040,S2-000048,S2-000057,S2-000081,S2-000086,S2-000094,S2-000102,S3-000009,S3-000010,S3-000017,S3-000025,S3-000032,S3-000035,S3-000037,S3-000038,S3-000064,S3-000083,S3-000088,S3-000096,S3-000116
S1-000114	S2-000001,S2-000008,S2-000009,S2-000015,S2-000029,S2-000039,S2-000047,S2-000052,S2-000055,S2-000061,S2-000080,S2-000083,S2-000084,S2-000088,S2-000090,S2-000099,S2-000106,S2-000107,S3-000001,S3-000027,S3-000031,S3-000051,S3-000085,S3-000086,S3-000101,S3-000112
S1-000126	S2-000003,S2-000023,S2-000027,S2-000038,S2-000051,S2-000062,S2-000082,S2-000089,S2-000098,S2-000103,S2-000108,S2-000109,S2-000111,S3-000003,S3-000021,S3-000025,S3-000037,S3-000053,S3-000061,S3-000064,S3-000077,S3-000084,S3-000091,S3-000095,S3-000104,S3-000109,S3-000114,S3-000115
S1-000023	S2-000009,S2-000017,S2-000019,S2-000020,S2-000021,S2-000054,S2-000056,S2-000077,S2-000078,S2-000079,S2-000089,S2-000100,S2-000108,S3-000008,S3-000016,S3-000018,S3-000019,S3-000080,S3-000102,S3-000110,S3-000114,S3-000115,S3-000116
S1-000029	S2-000005,S2-000007,S2-000013,S2-000024,S2-000025,S2-000046,S2-000057,S2-000060,S2-000063,S2-000065,S2-000085,S2-000087,S2-000092,S2-000096,S2-000103,S2-000105,S3-000005,S3-000012,S3-000022,S3-000023,S3-000053,S3-000059,S3-000062,S3-000065,S3-000087,S3-000098,S3-000104,S3-000108
S1-000004	S2-000003,S2-000006,S2-000019,S2-000034,S2-000036,S2-000038,S2-000041,S2-000043,S2-000044,S2-000046,S2-000047,S2-000051,S2-000058,S2-000063,S2-000064,S2-000070,S2-000088,S2-000097,S2-000106,S2-000109,S2-000111,S3-000003,S3-000006,S3-000018,S3-000030,S3-000035,S3-000037,S3-000039,S3-000041,S3-000044,S3-000045,S3-000046,S3-000048,S3-000062,S3-000063,S3-000064,S3-000070,S3-000077,S3-000090,S3-000095,S3-000099,S3-000104,S3-000109
S1-000076	S2-000001,S2-000006,S2-000009,S2-000012,S2-000014,S2-000021,S2-000029,S2-000032,S2-000039,S2-000047,S2-000052,S2-000061,S2-000069,S2-000073,S2-000075,S2-000080,S2-000082,S2-000083,S2-000084,S2-000088,S2-000090,S2-000098,S2-000103,S3-000001,S3-000006,S3-000011,S3-000013,S3-000019,S3-000027,S3-000031,S3-000051,S3-000060,S3-000069,S3-000072,S3-000078,S3-000082,S3-000084,S3-000085,S3-000092,S3-000100,S3-000106
S1-000063	S2-000002,S2-000003,S2-000005,S2-000006,S2-000016,S2-000022,S2-000024,S2-000027,S2-000035,S2-000037,S2-000038,S2-000051,S2-000055,S2-000068,S2-000071,S2-000073,S2-000076,S2-000089,S2-000091,S2-000092,S2-000104,S2-000111,S3-000002,S3-000003,S3-000005,S3-000006,S3-000015,S3-000022,S3-000025,S3-000034,S3-000036,S3-000037,S3-000050,S3-000054,S3-000064,S3-000068,S3-000071,S3-000074,S3-000075,S3-000079,S3-000091,S3-000093,S3-000094,S3-000095,S3-000104,S3-000109,S3-000115
S1-000125	S2-000012,S2-000013,S2-000014,S2-000015,S2-000017,S2-000021,S2-000023,S2-000029,S2-000032,S2-000033,S2-000034,S2-000047,S2-000061,S2-000069,S2-000070,S2-000075,S2-000076,S2-000078,S2-000079,S2-000080,S2-000082,S2-000090,S2-000096,S2-000098,S2-000101,S2-000111,S2-000112,S3-000011,S3-000012,S3-000013,S3-000016,S3-000019,S3-000021,S3-000027,S3-000033,S3-000045,S3-000048,S3-000060,S3-000069,S3-000078,S3-000081,S3-000082,S3-000084,S3-000092,S3-000098,S3-000100,S3-000103
S1-000010	S2-000001,S2-000009,S2-000017,S2-000020,S2-000029,S2-000039,S2-000047,S2-000052,S2-000061,S2-000070,S2-000077,S2-000083,S2-000084,S2-000088,S3-000001,S3-000008,S3-000016,S3-000027,S3-000031,S3-000048,S3-000051,S3-000070,S3-000080,S3-000085,S3-000110
S1-000069	S2-000001,S2-000013,S2-000019,S2-000020,S2-000021,S2-000030,S2-000056,S2-000064,S2-000075,S2-000078,S2-000079,S2-000081,S2-000088,S2-000100,S2-000101,S2-000104,S2-000108,S2-000111,S3-000001,S3-000012,S3-000018,S3-000019,S3-000028,S3-000055,S3-000063,S3-000083,S3-000090,S3-000102,S3-000103,S3-000107,S3-000114,S3-000116
S1-000105	S2-000002,S2-000004,S2-000005,S2-000013,S2-000015,S2-000016,S2-000017,S2-000023,S2-000027,S2-000033,S2-000035,S2-000051,S2-000055,S2-000059,S2-000060,S2-000070,S2-000073,S2-000076,S2-000080,S2-000091,S2-000092,S2-000096,S2-000101,S2-000111,S2-000112,S3-000002,S3-000005,S3-000012,S3-000015,S3-000016,S3-000021,S3-000025,S3-000034,S3-000048,S3-000050,S3-000054,S3-000059,S3-000074,S3-000075,S3-000079,S3-000093,S3-000094,S3-000098,S3-000103
S1-000150	S2-000010,S2-000016,S2-000019,S2-000020,S2-000021,S2-000023,S2-000030,S2-000039,S2-000043,S2-000056,S2-000077,S2-000078,S2-000079,S2-000089,S2-000100,S2-000108,S2-000109,S3-000015,S3-000018,S3-000019,S3-000021,S3-000041,S3-000077,S3-000080,S3-000091,S3-000102,S3-000110,S3-000114,S3-000115,S3-000116,S3-000117
S1-000055	S2-000002,S2-000003,S2-000006,S2-000007,S2-000014,S2-000019,S2-000024,S2-000025,S2-000030,S2-000036,S2-000042,S2-000046,S2-000047,S2-000063,S2-000065,S2-000067,S2-000070,S2-000088,S2-000090,S2-000106,S3-000003,S3-000006,S3-000018,S3-000022,S3-000030,S3-000035,S3-000044,S3-000045,S3-000046,S3-000048,S3-000062,S3-000067,S3-000070,S3-000090
S1-000087	S2-000004,S2-000023,S2-000026,S2-000044,S2-000053,S2-000055,S2-000066,S2-000071,S2-000072,S2-000082,S2-000083,S2-000085,S2-000086,S2-000095,S2-000102,S2-000109,S3-000004,S3-000021,S3-000024,S3-000042,S3-000052,S3-000066,S3-000071,S3-000084,S3-000085,S3-000088,S3-000105
S1-000140	S2-000010,S2-000023,S2-000026,S2-000028,S2-000036,S2-000038,S2-000040,S2-000043,S2-000048,S2-000059,S2-000066,S2-000067,S2-000071,S2-000074,S2-000081,S2-000082,S2-000094,S2-000095,S2-000102,S2-000109,S3-000009,S3-000021,S3-000024,S3-000035,S3-000037,S3-000041,S3-000058,S3-000066,S3-000067,S3-000071,S3-000072,S3-000076,S3-000083,S3-000084,S3-000096,S3-000105
S1-000042	S2-000001,S2-000011,S2-000012,S2-000014,S2-000018,S2-000021,S2-000028,S2-000032,S2-000036,S2-000053,S2-000061,S2-000062,S2-000068,S2-000069,S2-000075,S2-000080,S2-000082,S2-000090,S2-000093,S2-000098,S2-000105,S3-000001,S3-000010,S3-000011,S3-000013,S3-000019,S3-000052,S3-000060,S3-000061,S3-000068,S3-000069,S3-000075,S3-000078,S3-000082,S3-000084,S3-000092,S3-000100,S3-000113
S1-000132	S2-000008,S2-000013,S2-000015,S2-000017,S2-000023,S2-000025,S2-000032,S2-000033,S2-000060,S2-000065,S2-000070,S2-000076,S2-000080,S2-000085,S2-000096,S2-000097,S2-000101,S2-000103,S2-000107,S2-000111,S2-000112,S3-000012,S3-000016,S3-000021,S3-000023,S3-000048,S3-000053,S3-000059,S3-000065,S3-000087,S3-000098,S3-000099,S3-000103,S3-000104,S3-000108
S1-000018	S2-000016,S2-000021,S2-000022,S2-000031,S2-000045,S2-000049,S2-000063,S2-000064,S2-000072,S2-000074,S2-000087,S2-000099,S3-000014,S3-000015,S3-000019,S3-000020,S3-000030,S3-000043,S3-000049,S3-000062,S3-000063,S3-000072,S3-000073,S3-000076,S3-000089,S3-000101,S3-000109
S1-000041	S2-000002,S2-000004,S2-000005,S2-000008,S2-000011,S2-000015,S2-000016,S2-000026,S2-000027,S2-000028,S2-000035,S2-000051,S2-000055,S2-000059,S2-000060,S2-000073,S2-000076,S2-000077,S2-000091,S2-000092,S3-000002,S3-000005,S3-000010,S3-000015,S3-000024,S3-000025,S3-000034,S3-000046,S3-000050,S3-000054,S3-000059,S3-000074,S3-000075,S3-000079,S3-000080,S3-000093,S3-000094,S3-000109
S1-000017	S2-000002,S2-000004,S2-000008,S2-000013,S2-000015,S2-000017,S2-000023,S2-000029,S2-000033,S2-000035,S2-000052,S2-000059,S2-000060,S2-000070,S2-000076,S2-000080,S2-000084,S2-000092,S2-000096,S2-000099,S2-000101,S2-000107,S2-000111,S2-000112,S3-000002,S3-000012,S3-000016,S3-000021,S3-000027,S3-000048,S3-000051,S3-000059,S3-000079,S3-000086,S3-000094,S3-000098,S3-000101,S3-000103,S3-000112
S1-000050	S2-000006,S2-000022,S2-000024,S2-000037,S2-000042,S2-000045,S2-000049,S2-000051,S2-000058,S2-000068,S2-000071,S2-000072,S2-000087,S2-000089,S2-000091,S2-000099,S2-000100,S2-000104,S2-000112,S3-000006,S3-000022,S3-000036,S3-000040,S3-000043,S3-000050,S3-000057,S3-000064,S3-000068,S3-000071,S3-000073,S3-000089,S3-000091,S3-000093,S3-000101,S3-000102,S3-000115
S1-000116	S2-000004,S2-000011,S2-000018,S2-000027,S2-000033,S2-000038,S2-000039,S2-000040,S2-000055,S2-000057,S2-000066,S2-000072,S2-000081,S2-000085,S2-000086,S2-000095,S3-000010,S3-000017,S3-000025,S3-000032,S3-000037,S3-000038,S3-000064,S3-000083,S3-000088,S3-000116
S1-000120	S2-000001,S2-000002,S2-000005,S2-000011,S2-000016,S2-000018,S2-000025,S2-000027,S2-000028,S2-000035,S2-000036,S2-000051,S2-000055,S2-000057,S2-000060,S2-000062,S2-000068,S2-000073,S2-000076,S2-000087,S2-000091,S2-000092,S2-000105,S3-000001,S3-000002,S3-000005,S3-000010,S3-000015,S3-000025,S3-000034,S3-000050,S3-000054,S3-000059,S3-000061,S3-000068,S3-000074,S3-000075,S3-000079,S3-000093,S3-000094,S3-000104
S1-000091	S2-000006,S2-000007,S2-000012,S2-000014,S2-000018,S2-000021,S2-000032,S2-000050,S2-000054,S2-000061,S2-000065,S2-000069,S2-000073,S2-000075,S2-000080,S2-000082,S2-000090,S2-000091,S2-000098,S2-000103,S2-000106,S2-000107,S2-000110,S3-000006,S3-000011,S3-000013,S3-000019,S3-000060,S3-000069,S3-000072,S3-000074,S3-000078,S3-000082,S3-000084,S3-000092,S3-000093,S3-000100,S3-000106,S3-000112,S3-000117
S1-000060	S2-000003,S2-000006,S2-000009,S2-000013,S2-000015,S2-000017,S2-000019,S2-000023,S2-000033,S2-000036,S2-000046,S2-000047,S2-000063,S2-000070,S2-000076,S2-000080,S2-000088,S2-000096,S2-000101,S2-000106,S2-000111,S2-000112,S3-000003,S3-000006,S3-000008,S3-000012,S3-000016,S3-000018,S3-000021,S3-000030,S3-000035,S3-000044,S3-000045,S3-000046,S3-000048,S3-000062,S3-000070,S3-000090,S3-000098,S3-000103
S1-000049	S2-000002,S2-000005,S2-000014,S2-000030,S2-000042,S2-000045,S2-000046,S2-000048,S2-000050,S2-000058,S2-000067,S2-000071,S2-000083,S2-000090,S2-000100,S2-000112,S3-000005,S3-000040,S3-000043,S3-000047,S3-000057,S3-000067,S3-000071,S3-000085,S3-000102
S1-000144	S2-000003,S2-000008,S2-000011,S2-000022,S2-000026,S2-000028,S2-000035,S2-000038,S2-000051,S2-000064,S2-000072,S2-000077,S2-000087,S2-000111,S3-000003,S3-000010,S3-000014,S3-000020,S3-000024,S3-000034,S3-000037,S3-000046,S3-000063,S3-000064,S3-000073,S3-000080,S3-000089,S3-000095,S3-000104,S3-000109
S1-000108	S2-000001,S2-000014,S2-000019,S2-000020,S2-000021,S2-000029,S2-000030,S2-000034,S2-000047,S2-000056,S2-000078,S2-000079,S2-000081,S2-000098,S2-000100,S2-000101,S2-000108,S2-000111,S3-000001,S3-000013,S3-000018,S3-000019,S3-000027,S3-000028,S3-000033,S3-000045,S3-000055,S3-000081,S3-000083,S3-000102,S3-000103,S3-000114,S3-000116
S1-000028	S2-000006,S2-000007,S2-000022,S2-000024,S2-000025,S2-000034,S2-000037,S2-000041,S2-000046,S2-000051,S2-000062,S2-000063,S2-000065,S2-000068,S2-000071,S2-000089,S2-000094,S2-000104,S3-000006,S3-000022,S3-000033,S3-000036,S3-000039,S3-000050,S3-000061,S3-000062,S3-000064,S3-000068,S3-000071,S3-000091,S3-000096,S3-000115
S1-000090	S2-000007,S2-000013,S2-000018,S2-000025,S2-000050,S2-000052,S2-000054,S2-000058,S2-000060,S2-000065,S2-000069,S2-000073,S2-000085,S2-000091,S2-000094,S2-000096,S2-000103,S2-000106,S2-000107,S2-000110,S2-000112,S3-000012,S3-000023,S3-000051,S3-000053,S3-000057,S3-000059,S3-000065,S3-000069,S3-000074,S3-000087,S3-000093,S3-000098,S3-000104,S3-000108,S3-000112,S3-000117
S1-000148	S2-000007,S2-000008,S2-000015,S2-000018,S2-000029,S2-000032,S2-000050,S2-000052,S2-000054,S2-000065,S2-000069,S2-000073,S2-000084,S2-000085,S2-000091,S2-000096,S2-000097,S2-000099,S2-000106,S2-000107,S2-000110,S3-000027,S3-000051,S3-000069,S3-000074,S3-000086,S3-000093,S3-000099,S3-000101,S3-000112,S3-000117
S1-000149	S2-000008,S2-000024,S2-000032,S2-000034,S2-000041,S2-000053,S2-000062,S2-000085,S2-000093,S2-000094,S2-000096,S2-000097,S2-000107,S3-000022,S3-000033,S3-000039,S3-000052,S3-000061,S3-000075,S3-000096,S3-000099,S3-000113
S1-000071	S2-000003,S2-000034,S2-000041,S2-000042,S2-000043,S2-000044,S2-000045,S2-000052,S2-000058,S2-000064,S2-000071,S2-000094,S2-000097,S2-000100,S2-000109,S2-000110,S2-000112,S3-000003,S3-000039,S3-000040,S3-000041,S3-000043,S3-000051,S3-000057,S3-000063,S3-000071,S3-000077,S3-000099,S3-000102
S1-000061	S2-000016,S2-000031,S2-000045,S2-000049,S2-000054,S2-000063,S2-000072,S2-000074,S2-000087,S2-000091,S2-000099,S3-000014,S3-000015,S3-000030,S3-000040,S3-000049,S3-000062,S3-000072,S3-000073,S3-000076,S3-000089,S3-000093,S3-000101
S1-000013	S2-000006,S2-000012,S2-000014,S2-000021,S2-000032,S2-000059,S2-000061,S2-000069,S2-000073,S2-000075,S2-000080,S2-000082,S2-000090,S2-000098,S2-000103,S3-000006,S3-000011,S3-000013,S3-000019,S3-000060,S3-000069,S3-000072,S3-000078,S3-000082,S3-000084,S3-000092,S3-000100,S3-000106
S1-000131	S2-000004,S2-000023,S2-000026,S2-000048,S2-000050,S2-000055,S2-000066,S2-000071,S2-000072,S2-000082,S2-000085,S2-000086,S2-000095,S2-000102,S2-000104,S2-000109,S3-000021,S3-000024,S3-000047,S3-000066,S3-000071,S3-000084,S3-000088,S3-000097,S3-000105,S3-000107
S1-000128	S2-000010,S2-000024,S2-000034,S2-000036,S2-000038,S2-000040,S2-000041,S2-000048,S2-000052,S2-000058,S2-000062,S2-000081,S2-000094,S2-000102,S2-000110,S2-000112,S3-000009,S3-000022,S3-000033,S3-000035,S3-000037,S3-000039,S3-000051,S3-000057,S3-000061,S3-000083,S3-000096
S1-000062	S2-000005,S2-000007,S2-000018,S2-000042,S2-000048,S2-000050,S2-000054,S2-000065,S2-000069,S2-000073,S2-000083,S2-000091,S2-000095,S2-000104,S2-000106,S2-000107,S2-000110,S3-000005,S3-000047,S3-000069,S3-000074,S3-000085,S3-000093,S3-000097,S3-000107,S3-000112,S3-000117
S1-000134	S2-000012,S2-000014,S2-000021,S2-000027,S2-000029,S2-000032,S2-000034,S2-000047,S2-000061,S2-000062,S2-000069,S2-000075,S2-000078,S2-000079,S2-000080,S2-000082,S2-000090,S2-000098,S2-000103,S3-000011,S3-000013,S3-000019,S3-000025,S3-000027,S3-000033,S3-000045,S3-000053,S3-000060,S3-000061,S3-000069,S3-000078,S3-000081,S3-000082,S3-000084,S3-000092,S3-000100
S1-000048	S2-000003,S2-000024,S2-000034,S2-000041,S2-000043,S2-000044,S2-000053,S2-000057,S2-000058,S2-000062,S2-000064,S2-000067,S2-000074,S2-000093,S2-000094,S2-000097,S2-000101,S2-000109,S3-000003,S3-000022,S3-000030,S3-000033,S3-000039,S3-000041,S3-000042,S3-000052,S3-000056,S3-000061,S3-000063,S3-000067,S3-000076,S3-000077,S3-000096,S3-000099,S3-000103
S1-000100	S2-000010,S2-000016,S2-000028,S2-000031,S2-000041,S2-000043,S2-000044,S2-000045,S2-000049,S2-000053,S2-000057,S2-000059,S2-000063,S2-000067,S2-000074,S2-000093,S2-000099,S2-000101,S2-000102,S3-000009,S3-000014,S3-000015,S3-000030,S3-000039,S3-000041,S3-000042,S3-000049,S3-000052,S3-000056,S3-000058,S3-000062,S3-000067,S3-000072,S3-000076,S3-000077,S3-000101,S3-000103,S3-000105
S1-000109	S2-000012,S2-000013,S2-000014,S2-000015,S2-000017,S2-000021,S2-000023,S2-000032,S2-000033,S2-000055,S2-000061,S2-000069,S2-000070,S2-000075,S2-000076,S2-000080,S2-000082,S2-000084,S2-000090,S2-000096,S2-000098,S2-000101,S2-000106,S2-000111,S2-000112,S3-000011,S3-000012,S3-000013,S3-000016,S3-000019,S3-000021,S3-000048,S3-000060,S3-000069,S3-000078,S3-000082,S3-000084,S3-000086,S3-000092,S3-000098,S3-000100,S3-000103
S1-000072	S2-000002,S2-000004,S2-000010,S2-000012,S2-000015,S2-000028,S2-000032,S2-000035,S2-000043,S2-000059,S2-000060,S2-000067,S2-000074,S2-000075,S2-000076,S2-000092,S2-000102,S3-000002,S3-000009,S3-000041,S3-000058,S3-000059,S3-000067,S3-000072,S3-000076,S3-000079,S3-000094,S3-000105
S1-000088	S2-000002,S2-000010,S2-000014,S2-000028,S2-000030,S2-000041,S2-000042,S2-000043,S2-000044,S2-000046,S2-000053,S2-000057,S2-000059,S2-000067,S2-000074,S2-000090,S2-000093,S2-000101,S2-000102,S3-000009,S3-000030,S3-000039,S3-000041,S3-000042,S3-000052,S3-000056,S3-000058,S3-000067,S3-000072,S3-000076,S3-000077,S3-000103,S3-000105
S1-000020	S2-000009,S2-000013,S2-000015,S2-000017,S2-000020,S2-000023,S2-000033,S2-000070,S2-000076,S2-000077,S2-000080,S2-000096,S2-000101,S2-000111,S2-000112,S3-000008,S3-000012,S3-000016,S3-000021,S3-000048,S3-000070,S3-000080,S3-000098,S3-000103,S3-000110
S1-000032	S2-000001,S2-000008,S2-000010,S2-000011,S2-000018,S2-000026,S2-000028,S2-000035,S2-000036,S2-000043,S2-000059,S2-000062,S2-000067,S2-000068,S2-000074,S2-000077,S2-000102,S2-000105,S3-000001,S3-000009,S3-000010,S3-000024,S3-000034,S3-000041,S3-000046,S3-000058,S3-000061,S3-000067,S3-000068,S3-000072,S3-000076,S3-000080,S3-000105,S3-000109
S1-000093	S2-000006,S2-000022,S2-000023,S2-000024,S2-000026,S2-000037,S2-000042,S2-000045,S2-000051,S2-000058,S2-000066,S2-000068,S2-000071,S2-000082,S2-000089,S2-000095,S2-000100,S2-000102,S2-000104,S2-000109,S2-000112,S3-000006,S3-000021,S3-000022,S3-000024,S3-000036,S3-000040,S3-000043,S3-000050,S3-000057,S3-000064,S3-000066,S3-000068,S3-000071,S3-000084,S3-000091,S3-000102,S3-000105,S3-000115
S1-000012	S2-000001,S2-000008,S2-000011,S2-000018,S2-000026,S2-000028,S2-000035,S2-000036,S2-000038,S2-000039,S2-000040,S2-000057,S2-000062,S2-000068,S2-000077,S2-000086,S2-000105,S3-000001,S3-000010,S3-000017,S3-000024,S3-000034,S3-000037,S3-000038,S3-000046,S3-000061,S3-000064,S3-000068,S3-000080,S3-000088,S3-000109,S3-000116
S1-000056	S2-000001,S2-000003,S2-000006,S2-000009,S2-000014,S2-000019,S2-000029,S2-000034,S2-000036,S2-000039,S2-000046,S2-000047,S2-000052,S2-000061,S2-000063,S2-000070,S2-000078,S2-000079,S2-000083,S2-000084,S2-000088,S2-000098,S2-000106,S3-000001,S3-000003,S3-000006,S3-000013,S3-000018,S3-000027,S3-000030,S3-000031,S3-000033,S3-000035,S3-000044,S3-000045,S3-000046,S3-000048,S3-000051,S3-000062,S3-000070,S3-000081,S3-000085,S3-000090
S1-000027	S2-000013,S2-000015,S2-000017,S2-000023,S2-000026,S2-000033,S2-000066,S2-000070,S2-000071,S2-000076,S2-000080,S2-000082,S2-000089,S2-000095,S2-000096,S2-000101,S2-000102,S2-000108,S2-000109,S2-000111,S2-000112,S3-000012,S3-000016,S3-000021,S3-000024,S3-000048,S3-000066,S3-000071,S3-000077,S3-000084,S3-000091,S3-000098,S3-000103,S3-000105,S3-000114,S3-000115
S1-000110	S2-000001,S2-000010,S2-000027,S2-000030,S2-000033,S2-000036,S2-000038,S2-000040,S2-000048,S2-000056,S2-000079,S2-000081,S2-000086,S2-000094,S2-000101,S2-000102,S2-000111,S3-000001,S3-000009,S3-000025,S3-000028,S3-000032,S3-000035,S3-000037,S3-000038,S3-000055,S3-000083,S3-000096,S3-000103
S1-000031	S2-000002,S2-000005,S2-000016,S2-000027,S2-000033,S2-000035,S2-000040,S2-000051,S2-000055,S2-000062,S2-000073,S2-000076,S2-000081,S2-000082,S2-000086,S2-000091,S2-000092,S2-000098,S2-000103,S3-000002,S3-000005,S3-000015,S3-000025,S3-000032,S3-000034,S3-000038,S3-000050,S3-000053,S3-000054,S3-000061,S3-000074,S3-000075,S3-000079,S3-000083,S3-000084,S3-000093,S3-000094
S1-000142	S2-000006,S2-000013,S2-000022,S2-000024,S2-000037,S2-000048,S2-000050,S2-000051,S2-000056,S2-000064,S2-000068,S2-000071,S2-000075,S2-000088,S2-000089,S2-000095,S2-000104,S3-000006,S3-000012,S3-000022,S3-000036,S3-000047,S3-000050,S3-000063,S3-000064,S3-000068,S3-000071,S3-000090,S3-000091,S3-000097,S3-000107,S3-000115
S1-000021	S2-000001,S2-000007,S2-000011,S2-000018,S2-000028,S2-000036,S2-000038,S2-000039,S2-000040,S2-000050,S2-000054,S2-000057,S2-000062,S2-000065,S2-000068,S2-000069,S2-000073,S2-000086,S2-000091,S2-000105,S2-000106,S2-000107,S2-000110,S3-000001,S3-000010,S3-000017,S3-000037,S3-000038,S3-000061,S3-000064,S3-000068,S3-000069,S3-000074,S3-000088,S3-000093,S3-000112,S3-000116,S3-000117
S1-000079	S2-000003,S2-000011,S2-000018,S2-000031,S2-000034,S2-000037,S2-000038,S2-000039,S2-000040,S2-000041,S2-000043,S2-000044,S2-000057,S2-000058,S2-000064,S2-000086,S2-000097,S2-000100,S2-000109,S3-000003,S3-000010,S3-000017,S3-000036,S3-000037,S3-000038,S3-000039,S3-000041,S3-000063,S3-000064,S3-000077,S3-000088,S3-000099,S3-000102,S3-000116
S1-000078	S2-000001,S2-000011,S2-000018,S2-000024,S2-000027,S2-000028,S2-000034,S2-000036,S2-000041,S2-000062,S2-000068,S2-000082,S2-000094,S2-000098,S2-000103,S2-000105,S3-000001,S3-000010,S3-000022,S3-000025,S3-000033,S3-000039,S3-000053,S3-000061,S3-000068,S3-000084,S3-000096
S1-000045	S2-000003,S2-000010,S2-000011,S2-000018,S2-000036,S2-000038,S2-000039,S2-000040,S2-000048,S2-000051,S2-000057,S2-000081,S2-000086,S2-000094,S2-000102,S2-000111,S3-000003,S3-000009,S3-000010,S3-000017,S3-000035,S3-000037,S3-000038,S3-000064,S3-000083,S3-000088,S3-000095,S3-000096,S3-000104,S3-000109,S3-000116
S1-000052	S2-000003,S2-000010,S2-000016,S2-000019,S2-000028,S2-000030,S2-000034,S2-000039,S2-000041,S2-000043,S2-000044,S2-000058,S2-000059,S2-000064,S2-000067,S2-000074,S2-000077,S2-000097,S2-000102,S2-000108,S2-000109,S3-000003,S3-000009,S3-000015,S3-000018,S3-000039,S3-000041,S3-000058,S3-000063,S3-000067,S3-000072,S3-000076,S3-000077,S3-000080,S3-000099,S3-000105,S3-000110,S3-000114,S3-000117
S1-000038	S2-000001,S2-000007,S2-000009,S2-000029,S2-000031,S2-000037,S2-000039,S2-000047,S2-000052,S2-000061,S2-000068,S2-000083,S2-000084,S2-000088,S2-000093,S2-000100,S2-000105,S3-000001,S3-000007,S3-000027,S3-000031,S3-000036,S3-000051,S3-000068,S3-000085,S3-000102,S3-000111,S3-000117
S1-000001	S2-000001,S2-000009,S2-000011,S2-000018,S2-000028,S2-000029,S2-000030,S2-000036,S2-000039,S2-000047,S2-000052,S2-000056,S2-000061,S2-000062,S2-000068,S2-000079,S2-000081,S2-000083,S2-000084,S2-000088,S2-000101,S2-000105,S2-000111,S3-000001,S3-000010,S3-000027,S3-000028,S3-000031,S3-000051,S3-000055,S3-000061,S3-000068,S3-000083,S3-000085,S3-000103
S1-000138	S2-000003,S2-000005,S2-000013,S2-000025,S2-000038,S2-000051,S2-000057,S2-000060,S2-000065,S2-000085,S2-000087,S2-000092,S2-000096,S2-000103,S2-000105,S2-000111,S3-000003,S3-000005,S3-000012,S3-000023,S3-000037,S3-000053,S3-000059,S3-000064,S3-000065,S3-000087,S3-000095,S3-000098,S3-000104,S3-000108,S3-000109
S1-000043	S2-000001,S2-000003,S2-000006,S2-000010,S2-000011,S2-000018,S2-000019,S2-000028,S2-000036,S2-000038,S2-000040,S2-000046,S2-000047,S2-000048,S2-000062,S2-000063,S2-000068,S2-000070,S2-000081,S2-000088,S2-000094,S2-000102,S2-000105,S2-000106,S3-000001,S3-000003,S3-000006,S3-000009,S3-000010,S3-000018,S3-000030,S3-000035,S3-000037,S3-000044,S3-000045,S3-000046,S3-000048,S3-000061,S3-000062,S3-000068,S3-000070,S3-000083,S3-000090,S3-000096
S1-000102	S2-000003,S2-000023,S2-000034,S2-000041,S2-000043,S2-000044,S2-000053,S2-000057,S2-000058,S2-000064,S2-000067,S2-000074,S2-000089,S2-000093,S2-000097,S2-000101,S2-000108,S2-000109,S3-000003,S3-000021,S3-000030,S3-000039,S3-000041,S3-000042,S3-000052,S3-000056,S3-000063,S3-000067,S3-000076,S3-000077,S3-000091,S3-000099,S3-000103,S3-000114,S3-000115
S1-000118	S2-000001,S2-000003,S2-000006,S2-000009,S2-000013,S2-000019,S2-000029,S2-000036,S2-000039,S2-000046,S2-000047,S2-000052,S2-000056,S2-000061,S2-000063,S2-000064,S2-000070,S2-000075,S2-000083,S2-000084,S2-000088,S2-000104,S2-000106,S3-000001,S3-000003,S3-000006,S3-000012,S3-000018,S3-000027,S3-000030,S3-000031,S3-000035,S3-000044,S3-000045,S3-000046,S3-000048,S3-000051,S3-000062,S3-000063,S3-000070,S3-000085,S3-000090,S3-000107
S1-000089	S2-000001,S2-000006,S2-000007,S2-000011,S2-000018,S2-000022,S2-000024,S2-000028,S2-000031,S2-000036,S2-000037,S2-000051,S2-000062,S2-000068,S2-000071,S2-000089,S2-000093,S2-000104,S2-000105,S3-000001,S3-000006,S3-000007,S3-000010,S3-000022,S3-000031,S3-000036,S3-000050,S3-000061,S3-000064,S3-000068,S3-000071,S3-000091,S3-000111,S3-000115,S3-000117
S1-000037	S2-000003,S2-000006,S2-000016,S2-000019,S2-000031,S2-000036,S2-000041,S2-000044,S2-000045,S2-000046,S2-000047,S2-000049,S2-000053,S2-000057,S2-000063,S2-000067,S2-000070,S2-000074,S2-000088,S2-000093,S2-000099,S2-000101,S2-000106,S3-000003,S3-000006,S3-000014,S3-000015,S3-000018,S3-000030,S3-000035,S3-000039,S3-000042,S3-000044,S3-000045,S3-000046,S3-000048,S3-000049,S3-000052,S3-000056,S3-000062,S3-000067,S3-000070,S3-000072,S3-000076,S3-000077,S3-000090,S3-000101,S3-000103
S1-000080	S2-000003,S2-000006,S2-000007,S2-000016,S2-000019,S2-000024,S2-000025,S2-000031,S2-000036,S2-000045,S2-000046,S2-000047,S2-000049,S2-000063,S2-000065,S2-000070,S2-000074,S2-000088,S2-000099,S2-000106,S3-000003,S3-000006,S3-000014,S3-000015,S3-000018,S3-000022,S3-000030,S3-000035,S3-000044,S3-000045,S3-000046,S3-000048,S3-000049,S3-000062,S3-000070,S3-000072,S3-000076,S3-000090,S3-000101
S1-000024	S2-000012,S2-000014,S2-000019,S2-000020,S2-000021,S2-000022,S2-000032,S2-000045,S2-000056,S2-000061,S2-000069,S2-000075,S2-000078,S2-000079,S2-000080,S2-000082,S2-000090,S2-000098,S2-000100,S2-000108,S3-000011,S3-000013,S3-000014,S3-000018,S3-000019,S3-000020,S3-000043,S3-000060,S3-000069,S3-000078,S3-000082,S3-000084,S3-000092,S3-000100,S3-000102,S3-000114,S3-000116
S1-000014	S2-000013,S2-000015,S2-000017,S2-000023,S2-000025,S2-000033,S2-000056,S2-000060,S2-000064,S2-000065,S2-000070,S2-000075,S2-000076,S2-000080,S2-000085,S2-000088,S2-000096,S2-000101,S2-000103,S2-000104,S2-000111,S2-000112,S3-000012,S3-000016,S3-000021,S3-000023,S3-000048,S3-000053,S3-000059,S3-000063,S3-000065,S3-000087,S3-000090,S3-000098,S3-000103,S3-000104,S3-000107,S3-000108
S1-000086	S2-000002,S2-000005,S2-000014,S2-000016,S2-000027,S2-000030,S2-000035,S2-000042,S2-000046,S2-000051,S2-000055,S2-000067,S2-000073,S2-000076,S2-000080,S2-000084,S2-000090,S2-000091,S2-000092,S2-000106,S3-000002,S3-000005,S3-000015,S3-000025,S3-000034,S3-000050,S3-000054,S3-000067,S3-000074,S3-000075,S3-000079,S3-000086,S3-000093,S3-000094
S1-000034	S2-000001,S2-000002,S2-000010,S2-000014,S2-000016,S2-000019,S2-000030,S2-000039,S2-000042,S2-000043,S2-000046,S2-000056,S2-000067,S2-000077,S2-000079,S2-000081,S2-000090,S2-000101,S2-000108,S2-000111,S3-000001,S3-000015,S3-000018,S3-000028,S3-000041,S3-000055,S3-000067,S3-000080,S3-000083,S3-000103,S3-000110,S3-000114,S3-000117
S1-000036	S2-000008,S2-000012,S2-000014,S2-000021,S2-000032,S2-000059,S2-000061,S2-000069,S2-000075,S2-000080,S2-000082,S2-000085,S2-000090,S2-000096,S2-000097,S2-000098,S2-000107,S3-000011,S3-000013,S3-000019,S3-000060,S3-000069,S3-000078,S3-000082,S3-000084,S3-000092,S3-000099,S3-000100
S1-000146	S2-000001,S2-000005,S2-000007,S2-000011,S2-000018,S2-000025,S2-000028,S2-000031,S2-000036,S2-000037,S2-000057,S2-000060,S2-000062,S2-000068,S2-000087,S2-000092,S2-000093,S2-000105,S3-000001,S3-000005,S3-000007,S3-000010,S3-000031,S3-000059,S3-000061,S3-000068,S3-000104,S3-000111,S3-000117
S1-000051	S2-000013,S2-000019,S2-000020,S2-000021,S2-000025,S2-000031,S2-000037,S2-000056,S2-000060,S2-000065,S2-000078,S2-000079,S2-000085,S2-000096,S2-000100,S2-000103,S2-000108,S3-000012,S3-000018,S3-000019,S3-000023,S3-000036,S3-000053,S3-000059,S3-000065,S3-000087,S3-000098,S3-000102,S3-000104,S3-000108,S3-000114,S3-000116
S1-000135	S2-000008,S2-000015,S2-000016,S2-000029,S2-000031,S2-000045,S2-000049,S2-000052,S2-000063,S2-000072,S2-000074,S2-000084,S2-000087,S2-000091,S2-000099,S2-000107,S3-000014,S3-000015,S3-000027,S3-000030,S3-000040,S3-000049,S3-000051,S3-000062,S3-000072,S3-000073,S3-000076,S3-000086,S3-000089,S3-000093,S3-000101,S3-000112
S1-000077	S2-000019,S2-000020,S2-000021,S2-000023,S2-000026,S2-000056,S2-000066,S2-000071,S2-000078,S2-000079,S2-000082,S2-000095,S2-000100,S2-000102,S2-000108,S2-000109,S3-000018,S3-000019,S3-000021,S3-000024,S3-000066,S3-000071,S3-000081,S3-000084,S3-000102,S3-000105,S3-000114,S3-000116
